{
	"schemaVersion": 1,
	"id": "simplecoin",
	"version": "${version}",
	"name": "simplecoin",
	"description": "This is an example description! Tell everyone what your mod is about!",
	"authors": [
		"Me!"
	],
	"contact": {
		"homepage": "https://fabricmc.net/",
		"sources": "https://github.com/FabricMC/fabric-example-mod"
	},
	"license": "CC0-1.0",
	"icon": "assets/simplecoin/icon.png",
	"environment": "*",
	"entrypoints": {
		"main": [
			"allef.simplecoin.Simplecoin"
		],
		"fabric-datagen": [
			"allef.simplecoin.SimplecoinDataGenerator"
		]
	},
	"mixins": [
		"simplecoin.mixins.json"
	],
	"depends": {
		"fabricloader": ">=0.17.2",
		"minecraft": "~1.21.6",
		"java": ">=21",
		"fabric-api": "*"
	},
	"suggests": {
		"another-mod": "*"
	}
}